https://www.citadel.com/careers/details/software-engineer-intern-europe/,Citadel,Software Engineer Intern,1
https://www.citadel.com/careers/details/software-engineer-intern-us/,Citadel,Software Engineer Intern,1
https://boards.greenhouse.io/lyft/jobs/4661980002,Lyft,Software Engineer Intern Machine Learning (Summer 2020),1
https://boards.greenhouse.io/twilio/jobs/2038360,Twilio,Software Engineer Intern (Madrid),1
http://careers.zillowgroup.com/ShowJob/Id/355556/Software%20Development%20Engineer%20%20%20Intern,Zillow,Software development Engineer Intern,1
https://jobs.lever.co/palantir/d39b3432-8742-4df0-b97f-47ab4122cd05/apply,Palantir,Software Engineer Internship,1
https://careers.bloomberg.com/job/detail/81088,Bloomberg,Enterprise Product - Compiler Developer Summer Intern 2020,1
https://www.tesla.com/careers/job/software-fullstackengineeringinternshipfall2020-57009,Tesla,Full-Stack Engineering Internship Fall 2020,1
https://www.tesla.com/careers/job/software-mobileengineeringinternshipfall2020-57006,Tesla,Mobile Engineering Internship Fall 2020,1
https://www.tesla.com/careers/job/software-qaengineeringinternshipfall2020-57005,Tesla,QA Engineering Internship Fall 2020,1
https://careers.google.com/jobs/results/107760219573887686-software-engineering-intern-bs-fall-2020,Google,Software Engineering Intern BS Fall 2020,1
https://careers.google.com/jobs/results/102313204610147014-software-engineering-intern-ms-fall-2020,Google,Software Engineering Intern MS Fall,2020,1
https://www.amazon.jobs/en/jobs/982096/software-development-internship-aws,Amazon,Software Development Internship AWS,1
https://www.amazon.jobs/en/jobs/1091641/software-development-engineering-intern,Amazon,Software Development Engineering Intern,1
https://www.amazon.jobs/en/jobs/1096468/software-development-engineer-intern,Amazon,Software Development Engineer Intern,1
