https://www.amazon.jobs/en/jobs/942720/software-development-engineer-graduate-2020-dublin,Amazon,Graduate Software Development Engineer 2020,2
https://www.amazon.jobs/en/jobs/1067510/graduate-software-development-engineer-2020-start,Amazon,Graduate Software Development Engineer,2
https://www.amazon.jobs/en/jobs/1096397/graduate-software-development-engineer,Amazon,Graduate Software Development Engineer,2
https://www.amazon.jobs/en/jobs/1087406/graduate-software-development-engineer,Amazon,Graduate Software Development Engineer,2
https://jobs.lever.co/palantir/3e3e360d-8e6a-4b05-a483-a2ccdc1fadec,Palantir,Forward Deployed Software Engineer - New Grad,2
https://jobs.lever.co/palantir/63494bd6-3c41-4449-b01f-0932dc664fc4,Palantir,Product Reliability Engineer - New Grad,2
https://careers.microsoft.com/students/us/en/job/708173/Software-Engineer-Full-Time,Microsoft,Software Engineer,2
https://careers.google.com/jobs/results/75918421083988678-software-engineer-university-graduate,Google,Software Engineer - University Graduate,2
https://careers.google.com/jobs/results/126321711420187334-software-engineer-university-graduate,Google,Software Engineer - University Graduate,2
https://careers.google.com/jobs/results/112324814045094598-software-engineer-university-graduate,Google,Software Engineer - University Graduate,2
https://www.facebook.com/careers/jobs/859448991102087/,Facebook,Software Engineer - University Grad,2
https://www.facebook.com/careers/jobs/498211801085195/,Facebook,Software Engineer - University Grad,2
